<?xml version="1.0"?>
<config xmlns:xsi="http://www.w3.org/2001/XMLSchema-instance" xsi:noNamespaceSchemaLocation="urn:magento:framework:Acl/etc/acl.xsd">
    <acl>
        <resources>
            <resource id="Magento_Backend::admin">
                <resource id="Weblips_Logo::first_level" title="BookClub" sortOrder="10" >
                    <resource id="Weblips_Logo::second_level" title="edit menu admin" sortOrder="0">
                        <resource id="Weblips_Logo::three_level" title="Level3" sortOrder="0" />
                    </resource>
                </resource>
            </resource>
        </resources>
    </acl>
</config>
